{
  "generated_at": "2025-08-20T05:05:08.615Z",
  "session": "GG-SESS-LOCAL",
  "count": 100,
  "p95_ms": 1,
  "min_ms": 0,
  "max_ms": 1,
  "latencies_ms": [
    0,
    1,
    0,
    0,
    1.000000000001819,
    0,
    0,
    0.999999999998181,
    0,
    0,
    0,
    1,
    0,
    0,
    0,
    1.000000000001819,
    0,
    0,
    0,
    0.999999999998181,
    0,
    0,
    0,
    1,
    0,
    0,
    1,
    0,
    0,
    0,
    1,
    0,
    0,
    1,
    0,
    0,
    1,
    0,
    0,
    0,
    1,
    0,
    0,
    0,
    1,
    0,
    0,
    1,
    0,
    0,
    0,
    1,
    0,
    0,
    0,
    1,
    0,
    0,
    0,
    1,
    0,
    0,
    0,
    1.000000000001819,
    0,
    0,
    0,
    0.999999999998181,
    0,
    0,
    0,
    0,
    1,
    0,
    0,
    0,
    1.000000000001819,
    0,
    0,
    0,
    0.999999999998181,
    0,
    0,
    0,
    1,
    0,
    0,
    0,
    1,
    0,
    0,
    0,
    1,
    0,
    0,
    0,
    1,
    0,
    0,
    1
  ]
}