{
  "generated_at": "2025-08-21T06:47:11.022Z",
  "session": "GG-SESS-LOCAL",
  "count": 100,
  "p95_ms": 1,
  "min_ms": 0,
  "max_ms": 1,
  "latencies_ms": [
    1,
    0,
    1,
    1,
    0,
    1,
    0,
    1,
    1.0000000004656613,
    0,
    0.9999999995343387,
    1.0000000004656613,
    0,
    0.9999999995343387,
    0,
    1,
    1,
    0,
    1,
    0,
    1,
    1,
    0,
    1.0000000004656613,
    0,
    0.9999999995343387,
    0,
    1.0000000004656613,
    0.9999999995343387,
    0,
    1,
    1,
    0,
    0,
    1,
    1,
    0,
    0,
    1,
    0,
    1,
    0,
    1,
    0,
    0,
    1.0000000004656613,
    0,
    0.9999999995343387,
    0,
    0,
    1,
    0,
    1,
    0,
    1,
    0,
    0,
    1,
    0,
    0,
    1,
    0,
    1,
    0,
    1,
    0,
    1.0000000004656613,
    0,
    0,
    0.9999999995343387,
    0,
    1,
    0,
    0,
    1,
    0,
    1,
    0,
    0,
    1,
    0,
    0,
    1,
    0,
    0,
    1,
    0,
    1,
    0,
    0,
    1.0000000004656613,
    0,
    0,
    0.9999999995343387,
    0,
    0,
    1.0000000004656613,
    0,
    0.9999999995343387,
    0
  ]
}